{
  "점심식사 서울": {
    "x": 127.050324763544,
    "y": 37.5840000750466
  },
  "청원산방 서울": {
    "x": 126.98635692281853,
    "y": 37.5804294657765
  },
  "광희문 서울": {
    "x": 127.00999666591,
    "y": 37.564391218075
  },
  "오위장 김춘영 가옥 서울": {
    "x": 126.99478021045752,
    "y": 37.55880534634056
  },
  "남대문시장 서울": {
    "x": 126.9776267740439,
    "y": 37.55918176072071
  },
  "동대문종합시장 쇼핑타운 서울": {
    "x": 127.013515139361,
    "y": 37.5678506923918
  },
  "서울풍물시장 서울": {
    "x": 127.025392943199,
    "y": 37.5728186254633
  },
  "63씨월드 서울": {
    "x": null,
    "y": null
  },
  "63씨월드": {
    "x": null,
    "y": null
  },
  "파주 프로방스 마을 서울": {
    "x": null,
    "y": null
  },
  "파주 프로방스 마을": {
    "x": 126.685238627689,
    "y": 37.7904052264771
  },
  "부엉이박물관 서울": {
    "x": null,
    "y": null
  },
  "부엉이박물관": {
    "x": 128.523601181497,
    "y": 38.2003965514366
  },
  "서서울호수공원 서울": {
    "x": 126.830251743957,
    "y": 37.5283197900701
  },
  "작동 오리촌 서울": {
    "x": null,
    "y": null
  },
  "작동 오리촌": {
    "x": 126.814169530525,
    "y": 37.515281513504
  },
  "부천식물원 서울": {
    "x": null,
    "y": null
  },
  "부천식물원": {
    "x": 126.815714656615,
    "y": 37.5051566567229
  },
  "스토리지북앤필름 서울": {
    "x": 126.983135054216,
    "y": 37.5447450813693
  },
  "카사블랑카 서울": {
    "x": 126.987127774101,
    "y": 37.5416353337895
  },
  "63스퀘어 서울": {
    "x": 126.94026158444098,
    "y": 37.519814891570896
  },
  "트릭아이미술관 서울": {
    "x": null,
    "y": null
  },
  "트릭아이미술관": {
    "x": 126.357400195513,
    "y": 33.3472078861678
  },
  "한국전통주연구소 서울": {
    "x": null,
    "y": null
  },
  "한국전통주연구소": {
    "x": 126.83143946917275,
    "y": 36.68821102422605
  },
  "남도분식 서울": {
    "x": 126.99007574368089,
    "y": 37.573148901450146
  },
  "윤스칼라 서울": {
    "x": 126.923712974301,
    "y": 37.5501564674161
  },
  "서울 구 러시아공사관 서울": {
    "x": 126.97155698342891,
    "y": 37.56811473443825
  },
  "유관순기념관 서울": {
    "x": 126.9702997455129,
    "y": 37.56443025236949
  },
  "서울 약령시장 서울": {
    "x": 127.03709838312709,
    "y": 37.58086861460018
  },
  "갤러리 팔레드 서울 서울": {
    "x": null,
    "y": null
  },
  "갤러리 팔레드 서울": {
    "x": null,
    "y": null
  },
  "옥인피자 서울": {
    "x": 127.10357941183662,
    "y": 37.51356225302262
  },
  "상허 이태준 가옥 서울": {
    "x": 126.99483655959386,
    "y": 37.59507217364634
  },
  "성락원 서울": {
    "x": 126.99930813078,
    "y": 37.5965300887603
  },
  "서울 정릉 서울": {
    "x": 127.01153332385535,
    "y": 37.6056989091566
  },
  "서울약령시장 서울": {
    "x": 127.03709838312709,
    "y": 37.58086861460018
  },
  "광장시장 서울": {
    "x": 126.9989416227693,
    "y": 37.570033672535104
  },
  "신촌 플레이버스 서울": {
    "x": null,
    "y": null
  },
  "신촌 플레이버스": {
    "x": null,
    "y": null
  },
  "낙원 악기상가 서울": {
    "x": 126.98809593005,
    "y": 37.5727919244104
  },
  "북촌 8경 서울": {
    "x": null,
    "y": null
  },
  "북촌 8경": {
    "x": null,
    "y": null
  },
  "노량진 수산시장 서울": {
    "x": 126.93777601640095,
    "y": 37.514766187527776
  }
}